,,,,,sample-id,forward-absolute-filepath,reverse-absolute-filepath
SRR12022424,/,/mnt/classes/marine_bio/home/egt5318/EnvGen2/SRAdump_PRJNA639618,_pass_1.fastq.gz,_pass_2.fastq.gz,SRR12022424,/mnt/classes/marine_bio/home/egt5318/EnvGen2/SRAdump_PRJNA639618/SRR12022424_pass_1.fastq.gz,/mnt/classes/marine_bio/home/egt5318/EnvGen2/SRAdump_PRJNA639618/SRR12022424_pass_2.fastq.gz
SRR12022430,/,/mnt/classes/marine_bio/home/egt5318/EnvGen2/SRAdump_PRJNA639618,_pass_1.fastq.gz,_pass_2.fastq.gz,SRR12022430,/mnt/classes/marine_bio/home/egt5318/EnvGen2/SRAdump_PRJNA639618/SRR12022430_pass_1.fastq.gz,/mnt/classes/marine_bio/home/egt5318/EnvGen2/SRAdump_PRJNA639618/SRR12022430_pass_2.fastq.gz
SRR12022441,/,/mnt/classes/marine_bio/home/egt5318/EnvGen2/SRAdump_PRJNA639618,_pass_1.fastq.gz,_pass_2.fastq.gz,SRR12022441,/mnt/classes/marine_bio/home/egt5318/EnvGen2/SRAdump_PRJNA639618/SRR12022441_pass_1.fastq.gz,/mnt/classes/marine_bio/home/egt5318/EnvGen2/SRAdump_PRJNA639618/SRR12022441_pass_2.fastq.gz
SRR12022446,/,/mnt/classes/marine_bio/home/egt5318/EnvGen2/SRAdump_PRJNA639618,_pass_1.fastq.gz,_pass_2.fastq.gz,SRR12022446,/mnt/classes/marine_bio/home/egt5318/EnvGen2/SRAdump_PRJNA639618/SRR12022446_pass_1.fastq.gz,/mnt/classes/marine_bio/home/egt5318/EnvGen2/SRAdump_PRJNA639618/SRR12022446_pass_2.fastq.gz
SRR12022447,/,/mnt/classes/marine_bio/home/egt5318/EnvGen2/SRAdump_PRJNA639618,_pass_1.fastq.gz,_pass_2.fastq.gz,SRR12022447,/mnt/classes/marine_bio/home/egt5318/EnvGen2/SRAdump_PRJNA639618/SRR12022447_pass_1.fastq.gz,/mnt/classes/marine_bio/home/egt5318/EnvGen2/SRAdump_PRJNA639618/SRR12022447_pass_2.fastq.gz
SRR12022448,/,/mnt/classes/marine_bio/home/egt5318/EnvGen2/SRAdump_PRJNA639618,_pass_1.fastq.gz,_pass_2.fastq.gz,SRR12022448,/mnt/classes/marine_bio/home/egt5318/EnvGen2/SRAdump_PRJNA639618/SRR12022448_pass_1.fastq.gz,/mnt/classes/marine_bio/home/egt5318/EnvGen2/SRAdump_PRJNA639618/SRR12022448_pass_2.fastq.gz
SRR12022449,/,/mnt/classes/marine_bio/home/egt5318/EnvGen2/SRAdump_PRJNA639618,_pass_1.fastq.gz,_pass_2.fastq.gz,SRR12022449,/mnt/classes/marine_bio/home/egt5318/EnvGen2/SRAdump_PRJNA639618/SRR12022449_pass_1.fastq.gz,/mnt/classes/marine_bio/home/egt5318/EnvGen2/SRAdump_PRJNA639618/SRR12022449_pass_2.fastq.gz
SRR12022450,/,/mnt/classes/marine_bio/home/egt5318/EnvGen2/SRAdump_PRJNA639618,_pass_1.fastq.gz,_pass_2.fastq.gz,SRR12022450,/mnt/classes/marine_bio/home/egt5318/EnvGen2/SRAdump_PRJNA639618/SRR12022450_pass_1.fastq.gz,/mnt/classes/marine_bio/home/egt5318/EnvGen2/SRAdump_PRJNA639618/SRR12022450_pass_2.fastq.gz
SRR12022451,/,/mnt/classes/marine_bio/home/egt5318/EnvGen2/SRAdump_PRJNA639618,_pass_1.fastq.gz,_pass_2.fastq.gz,SRR12022451,/mnt/classes/marine_bio/home/egt5318/EnvGen2/SRAdump_PRJNA639618/SRR12022451_pass_1.fastq.gz,/mnt/classes/marine_bio/home/egt5318/EnvGen2/SRAdump_PRJNA639618/SRR12022451_pass_2.fastq.gz
SRR12022452,/,/mnt/classes/marine_bio/home/egt5318/EnvGen2/SRAdump_PRJNA639618,_pass_1.fastq.gz,_pass_2.fastq.gz,SRR12022452,/mnt/classes/marine_bio/home/egt5318/EnvGen2/SRAdump_PRJNA639618/SRR12022452_pass_1.fastq.gz,/mnt/classes/marine_bio/home/egt5318/EnvGen2/SRAdump_PRJNA639618/SRR12022452_pass_2.fastq.gz
SRR12022453,/,/mnt/classes/marine_bio/home/egt5318/EnvGen2/SRAdump_PRJNA639618,_pass_1.fastq.gz,_pass_2.fastq.gz,SRR12022453,/mnt/classes/marine_bio/home/egt5318/EnvGen2/SRAdump_PRJNA639618/SRR12022453_pass_1.fastq.gz,/mnt/classes/marine_bio/home/egt5318/EnvGen2/SRAdump_PRJNA639618/SRR12022453_pass_2.fastq.gz
SRR12022455,/,/mnt/classes/marine_bio/home/egt5318/EnvGen2/SRAdump_PRJNA639618,_pass_1.fastq.gz,_pass_2.fastq.gz,SRR12022455,/mnt/classes/marine_bio/home/egt5318/EnvGen2/SRAdump_PRJNA639618/SRR12022455_pass_1.fastq.gz,/mnt/classes/marine_bio/home/egt5318/EnvGen2/SRAdump_PRJNA639618/SRR12022455_pass_2.fastq.gz
SRR12022456,/,/mnt/classes/marine_bio/home/egt5318/EnvGen2/SRAdump_PRJNA639618,_pass_1.fastq.gz,_pass_2.fastq.gz,SRR12022456,/mnt/classes/marine_bio/home/egt5318/EnvGen2/SRAdump_PRJNA639618/SRR12022456_pass_1.fastq.gz,/mnt/classes/marine_bio/home/egt5318/EnvGen2/SRAdump_PRJNA639618/SRR12022456_pass_2.fastq.gz
SRR12022457,/,/mnt/classes/marine_bio/home/egt5318/EnvGen2/SRAdump_PRJNA639618,_pass_1.fastq.gz,_pass_2.fastq.gz,SRR12022457,/mnt/classes/marine_bio/home/egt5318/EnvGen2/SRAdump_PRJNA639618/SRR12022457_pass_1.fastq.gz,/mnt/classes/marine_bio/home/egt5318/EnvGen2/SRAdump_PRJNA639618/SRR12022457_pass_2.fastq.gz
SRR12022458,/,/mnt/classes/marine_bio/home/egt5318/EnvGen2/SRAdump_PRJNA639618,_pass_1.fastq.gz,_pass_2.fastq.gz,SRR12022458,/mnt/classes/marine_bio/home/egt5318/EnvGen2/SRAdump_PRJNA639618/SRR12022458_pass_1.fastq.gz,/mnt/classes/marine_bio/home/egt5318/EnvGen2/SRAdump_PRJNA639618/SRR12022458_pass_2.fastq.gz
SRR12022459,/,/mnt/classes/marine_bio/home/egt5318/EnvGen2/SRAdump_PRJNA639618,_pass_1.fastq.gz,_pass_2.fastq.gz,SRR12022459,/mnt/classes/marine_bio/home/egt5318/EnvGen2/SRAdump_PRJNA639618/SRR12022459_pass_1.fastq.gz,/mnt/classes/marine_bio/home/egt5318/EnvGen2/SRAdump_PRJNA639618/SRR12022459_pass_2.fastq.gz
SRR12022460,/,/mnt/classes/marine_bio/home/egt5318/EnvGen2/SRAdump_PRJNA639618,_pass_1.fastq.gz,_pass_2.fastq.gz,SRR12022460,/mnt/classes/marine_bio/home/egt5318/EnvGen2/SRAdump_PRJNA639618/SRR12022460_pass_1.fastq.gz,/mnt/classes/marine_bio/home/egt5318/EnvGen2/SRAdump_PRJNA639618/SRR12022460_pass_2.fastq.gz
SRR12022461,/,/mnt/classes/marine_bio/home/egt5318/EnvGen2/SRAdump_PRJNA639618,_pass_1.fastq.gz,_pass_2.fastq.gz,SRR12022461,/mnt/classes/marine_bio/home/egt5318/EnvGen2/SRAdump_PRJNA639618/SRR12022461_pass_1.fastq.gz,/mnt/classes/marine_bio/home/egt5318/EnvGen2/SRAdump_PRJNA639618/SRR12022461_pass_2.fastq.gz
SRR12022462,/,/mnt/classes/marine_bio/home/egt5318/EnvGen2/SRAdump_PRJNA639618,_pass_1.fastq.gz,_pass_2.fastq.gz,SRR12022462,/mnt/classes/marine_bio/home/egt5318/EnvGen2/SRAdump_PRJNA639618/SRR12022462_pass_1.fastq.gz,/mnt/classes/marine_bio/home/egt5318/EnvGen2/SRAdump_PRJNA639618/SRR12022462_pass_2.fastq.gz
SRR12022463,/,/mnt/classes/marine_bio/home/egt5318/EnvGen2/SRAdump_PRJNA639618,_pass_1.fastq.gz,_pass_2.fastq.gz,SRR12022463,/mnt/classes/marine_bio/home/egt5318/EnvGen2/SRAdump_PRJNA639618/SRR12022463_pass_1.fastq.gz,/mnt/classes/marine_bio/home/egt5318/EnvGen2/SRAdump_PRJNA639618/SRR12022463_pass_2.fastq.gz
SRR12022464,/,/mnt/classes/marine_bio/home/egt5318/EnvGen2/SRAdump_PRJNA639618,_pass_1.fastq.gz,_pass_2.fastq.gz,SRR12022464,/mnt/classes/marine_bio/home/egt5318/EnvGen2/SRAdump_PRJNA639618/SRR12022464_pass_1.fastq.gz,/mnt/classes/marine_bio/home/egt5318/EnvGen2/SRAdump_PRJNA639618/SRR12022464_pass_2.fastq.gz
SRR12022465,/,/mnt/classes/marine_bio/home/egt5318/EnvGen2/SRAdump_PRJNA639618,_pass_1.fastq.gz,_pass_2.fastq.gz,SRR12022465,/mnt/classes/marine_bio/home/egt5318/EnvGen2/SRAdump_PRJNA639618/SRR12022465_pass_1.fastq.gz,/mnt/classes/marine_bio/home/egt5318/EnvGen2/SRAdump_PRJNA639618/SRR12022465_pass_2.fastq.gz
SRR12022466,/,/mnt/classes/marine_bio/home/egt5318/EnvGen2/SRAdump_PRJNA639618,_pass_1.fastq.gz,_pass_2.fastq.gz,SRR12022466,/mnt/classes/marine_bio/home/egt5318/EnvGen2/SRAdump_PRJNA639618/SRR12022466_pass_1.fastq.gz,/mnt/classes/marine_bio/home/egt5318/EnvGen2/SRAdump_PRJNA639618/SRR12022466_pass_2.fastq.gz
SRR12022467,/,/mnt/classes/marine_bio/home/egt5318/EnvGen2/SRAdump_PRJNA639618,_pass_1.fastq.gz,_pass_2.fastq.gz,SRR12022467,/mnt/classes/marine_bio/home/egt5318/EnvGen2/SRAdump_PRJNA639618/SRR12022467_pass_1.fastq.gz,/mnt/classes/marine_bio/home/egt5318/EnvGen2/SRAdump_PRJNA639618/SRR12022467_pass_2.fastq.gz
SRR12022474,/,/mnt/classes/marine_bio/home/egt5318/EnvGen2/SRAdump_PRJNA639618,_pass_1.fastq.gz,_pass_2.fastq.gz,SRR12022474,/mnt/classes/marine_bio/home/egt5318/EnvGen2/SRAdump_PRJNA639618/SRR12022474_pass_1.fastq.gz,/mnt/classes/marine_bio/home/egt5318/EnvGen2/SRAdump_PRJNA639618/SRR12022474_pass_2.fastq.gz
SRR12022483,/,/mnt/classes/marine_bio/home/egt5318/EnvGen2/SRAdump_PRJNA639618,_pass_1.fastq.gz,_pass_2.fastq.gz,SRR12022483,/mnt/classes/marine_bio/home/egt5318/EnvGen2/SRAdump_PRJNA639618/SRR12022483_pass_1.fastq.gz,/mnt/classes/marine_bio/home/egt5318/EnvGen2/SRAdump_PRJNA639618/SRR12022483_pass_2.fastq.gz
SRR12022484,/,/mnt/classes/marine_bio/home/egt5318/EnvGen2/SRAdump_PRJNA639618,_pass_1.fastq.gz,_pass_2.fastq.gz,SRR12022484,/mnt/classes/marine_bio/home/egt5318/EnvGen2/SRAdump_PRJNA639618/SRR12022484_pass_1.fastq.gz,/mnt/classes/marine_bio/home/egt5318/EnvGen2/SRAdump_PRJNA639618/SRR12022484_pass_2.fastq.gz
SRR12022485,/,/mnt/classes/marine_bio/home/egt5318/EnvGen2/SRAdump_PRJNA639618,_pass_1.fastq.gz,_pass_2.fastq.gz,SRR12022485,/mnt/classes/marine_bio/home/egt5318/EnvGen2/SRAdump_PRJNA639618/SRR12022485_pass_1.fastq.gz,/mnt/classes/marine_bio/home/egt5318/EnvGen2/SRAdump_PRJNA639618/SRR12022485_pass_2.fastq.gz
SRR12022486,/,/mnt/classes/marine_bio/home/egt5318/EnvGen2/SRAdump_PRJNA639618,_pass_1.fastq.gz,_pass_2.fastq.gz,SRR12022486,/mnt/classes/marine_bio/home/egt5318/EnvGen2/SRAdump_PRJNA639618/SRR12022486_pass_1.fastq.gz,/mnt/classes/marine_bio/home/egt5318/EnvGen2/SRAdump_PRJNA639618/SRR12022486_pass_2.fastq.gz
SRR12022487,/,/mnt/classes/marine_bio/home/egt5318/EnvGen2/SRAdump_PRJNA639618,_pass_1.fastq.gz,_pass_2.fastq.gz,SRR12022487,/mnt/classes/marine_bio/home/egt5318/EnvGen2/SRAdump_PRJNA639618/SRR12022487_pass_1.fastq.gz,/mnt/classes/marine_bio/home/egt5318/EnvGen2/SRAdump_PRJNA639618/SRR12022487_pass_2.fastq.gz
SRR12022488,/,/mnt/classes/marine_bio/home/egt5318/EnvGen2/SRAdump_PRJNA639618,_pass_1.fastq.gz,_pass_2.fastq.gz,SRR12022488,/mnt/classes/marine_bio/home/egt5318/EnvGen2/SRAdump_PRJNA639618/SRR12022488_pass_1.fastq.gz,/mnt/classes/marine_bio/home/egt5318/EnvGen2/SRAdump_PRJNA639618/SRR12022488_pass_2.fastq.gz
SRR12022489,/,/mnt/classes/marine_bio/home/egt5318/EnvGen2/SRAdump_PRJNA639618,_pass_1.fastq.gz,_pass_2.fastq.gz,SRR12022489,/mnt/classes/marine_bio/home/egt5318/EnvGen2/SRAdump_PRJNA639618/SRR12022489_pass_1.fastq.gz,/mnt/classes/marine_bio/home/egt5318/EnvGen2/SRAdump_PRJNA639618/SRR12022489_pass_2.fastq.gz
SRR12022490,/,/mnt/classes/marine_bio/home/egt5318/EnvGen2/SRAdump_PRJNA639618,_pass_1.fastq.gz,_pass_2.fastq.gz,SRR12022490,/mnt/classes/marine_bio/home/egt5318/EnvGen2/SRAdump_PRJNA639618/SRR12022490_pass_1.fastq.gz,/mnt/classes/marine_bio/home/egt5318/EnvGen2/SRAdump_PRJNA639618/SRR12022490_pass_2.fastq.gz
SRR12022491,/,/mnt/classes/marine_bio/home/egt5318/EnvGen2/SRAdump_PRJNA639618,_pass_1.fastq.gz,_pass_2.fastq.gz,SRR12022491,/mnt/classes/marine_bio/home/egt5318/EnvGen2/SRAdump_PRJNA639618/SRR12022491_pass_1.fastq.gz,/mnt/classes/marine_bio/home/egt5318/EnvGen2/SRAdump_PRJNA639618/SRR12022491_pass_2.fastq.gz
SRR12022492,/,/mnt/classes/marine_bio/home/egt5318/EnvGen2/SRAdump_PRJNA639618,_pass_1.fastq.gz,_pass_2.fastq.gz,SRR12022492,/mnt/classes/marine_bio/home/egt5318/EnvGen2/SRAdump_PRJNA639618/SRR12022492_pass_1.fastq.gz,/mnt/classes/marine_bio/home/egt5318/EnvGen2/SRAdump_PRJNA639618/SRR12022492_pass_2.fastq.gz
SRR12022493,/,/mnt/classes/marine_bio/home/egt5318/EnvGen2/SRAdump_PRJNA639618,_pass_1.fastq.gz,_pass_2.fastq.gz,SRR12022493,/mnt/classes/marine_bio/home/egt5318/EnvGen2/SRAdump_PRJNA639618/SRR12022493_pass_1.fastq.gz,/mnt/classes/marine_bio/home/egt5318/EnvGen2/SRAdump_PRJNA639618/SRR12022493_pass_2.fastq.gz
SRR12022494,/,/mnt/classes/marine_bio/home/egt5318/EnvGen2/SRAdump_PRJNA639618,_pass_1.fastq.gz,_pass_2.fastq.gz,SRR12022494,/mnt/classes/marine_bio/home/egt5318/EnvGen2/SRAdump_PRJNA639618/SRR12022494_pass_1.fastq.gz,/mnt/classes/marine_bio/home/egt5318/EnvGen2/SRAdump_PRJNA639618/SRR12022494_pass_2.fastq.gz
SRR12022495,/,/mnt/classes/marine_bio/home/egt5318/EnvGen2/SRAdump_PRJNA639618,_pass_1.fastq.gz,_pass_2.fastq.gz,SRR12022495,/mnt/classes/marine_bio/home/egt5318/EnvGen2/SRAdump_PRJNA639618/SRR12022495_pass_1.fastq.gz,/mnt/classes/marine_bio/home/egt5318/EnvGen2/SRAdump_PRJNA639618/SRR12022495_pass_2.fastq.gz
SRR12022496,/,/mnt/classes/marine_bio/home/egt5318/EnvGen2/SRAdump_PRJNA639618,_pass_1.fastq.gz,_pass_2.fastq.gz,SRR12022496,/mnt/classes/marine_bio/home/egt5318/EnvGen2/SRAdump_PRJNA639618/SRR12022496_pass_1.fastq.gz,/mnt/classes/marine_bio/home/egt5318/EnvGen2/SRAdump_PRJNA639618/SRR12022496_pass_2.fastq.gz
SRR12022497,/,/mnt/classes/marine_bio/home/egt5318/EnvGen2/SRAdump_PRJNA639618,_pass_1.fastq.gz,_pass_2.fastq.gz,SRR12022497,/mnt/classes/marine_bio/home/egt5318/EnvGen2/SRAdump_PRJNA639618/SRR12022497_pass_1.fastq.gz,/mnt/classes/marine_bio/home/egt5318/EnvGen2/SRAdump_PRJNA639618/SRR12022497_pass_2.fastq.gz
SRR12022498,/,/mnt/classes/marine_bio/home/egt5318/EnvGen2/SRAdump_PRJNA639618,_pass_1.fastq.gz,_pass_2.fastq.gz,SRR12022498,/mnt/classes/marine_bio/home/egt5318/EnvGen2/SRAdump_PRJNA639618/SRR12022498_pass_1.fastq.gz,/mnt/classes/marine_bio/home/egt5318/EnvGen2/SRAdump_PRJNA639618/SRR12022498_pass_2.fastq.gz
SRR12022499,/,/mnt/classes/marine_bio/home/egt5318/EnvGen2/SRAdump_PRJNA639618,_pass_1.fastq.gz,_pass_2.fastq.gz,SRR12022499,/mnt/classes/marine_bio/home/egt5318/EnvGen2/SRAdump_PRJNA639618/SRR12022499_pass_1.fastq.gz,/mnt/classes/marine_bio/home/egt5318/EnvGen2/SRAdump_PRJNA639618/SRR12022499_pass_2.fastq.gz
SRR12022500,/,/mnt/classes/marine_bio/home/egt5318/EnvGen2/SRAdump_PRJNA639618,_pass_1.fastq.gz,_pass_2.fastq.gz,SRR12022500,/mnt/classes/marine_bio/home/egt5318/EnvGen2/SRAdump_PRJNA639618/SRR12022500_pass_1.fastq.gz,/mnt/classes/marine_bio/home/egt5318/EnvGen2/SRAdump_PRJNA639618/SRR12022500_pass_2.fastq.gz
SRR12022501,/,/mnt/classes/marine_bio/home/egt5318/EnvGen2/SRAdump_PRJNA639618,_pass_1.fastq.gz,_pass_2.fastq.gz,SRR12022501,/mnt/classes/marine_bio/home/egt5318/EnvGen2/SRAdump_PRJNA639618/SRR12022501_pass_1.fastq.gz,/mnt/classes/marine_bio/home/egt5318/EnvGen2/SRAdump_PRJNA639618/SRR12022501_pass_2.fastq.gz
SRR12022502,/,/mnt/classes/marine_bio/home/egt5318/EnvGen2/SRAdump_PRJNA639618,_pass_1.fastq.gz,_pass_2.fastq.gz,SRR12022502,/mnt/classes/marine_bio/home/egt5318/EnvGen2/SRAdump_PRJNA639618/SRR12022502_pass_1.fastq.gz,/mnt/classes/marine_bio/home/egt5318/EnvGen2/SRAdump_PRJNA639618/SRR12022502_pass_2.fastq.gz
SRR12022503,/,/mnt/classes/marine_bio/home/egt5318/EnvGen2/SRAdump_PRJNA639618,_pass_1.fastq.gz,_pass_2.fastq.gz,SRR12022503,/mnt/classes/marine_bio/home/egt5318/EnvGen2/SRAdump_PRJNA639618/SRR12022503_pass_1.fastq.gz,/mnt/classes/marine_bio/home/egt5318/EnvGen2/SRAdump_PRJNA639618/SRR12022503_pass_2.fastq.gz
SRR12022504,/,/mnt/classes/marine_bio/home/egt5318/EnvGen2/SRAdump_PRJNA639618,_pass_1.fastq.gz,_pass_2.fastq.gz,SRR12022504,/mnt/classes/marine_bio/home/egt5318/EnvGen2/SRAdump_PRJNA639618/SRR12022504_pass_1.fastq.gz,/mnt/classes/marine_bio/home/egt5318/EnvGen2/SRAdump_PRJNA639618/SRR12022504_pass_2.fastq.gz
SRR12022505,/,/mnt/classes/marine_bio/home/egt5318/EnvGen2/SRAdump_PRJNA639618,_pass_1.fastq.gz,_pass_2.fastq.gz,SRR12022505,/mnt/classes/marine_bio/home/egt5318/EnvGen2/SRAdump_PRJNA639618/SRR12022505_pass_1.fastq.gz,/mnt/classes/marine_bio/home/egt5318/EnvGen2/SRAdump_PRJNA639618/SRR12022505_pass_2.fastq.gz
SRR12022506,/,/mnt/classes/marine_bio/home/egt5318/EnvGen2/SRAdump_PRJNA639618,_pass_1.fastq.gz,_pass_2.fastq.gz,SRR12022506,/mnt/classes/marine_bio/home/egt5318/EnvGen2/SRAdump_PRJNA639618/SRR12022506_pass_1.fastq.gz,/mnt/classes/marine_bio/home/egt5318/EnvGen2/SRAdump_PRJNA639618/SRR12022506_pass_2.fastq.gz
SRR12022507,/,/mnt/classes/marine_bio/home/egt5318/EnvGen2/SRAdump_PRJNA639618,_pass_1.fastq.gz,_pass_2.fastq.gz,SRR12022507,/mnt/classes/marine_bio/home/egt5318/EnvGen2/SRAdump_PRJNA639618/SRR12022507_pass_1.fastq.gz,/mnt/classes/marine_bio/home/egt5318/EnvGen2/SRAdump_PRJNA639618/SRR12022507_pass_2.fastq.gz
SRR12022508,/,/mnt/classes/marine_bio/home/egt5318/EnvGen2/SRAdump_PRJNA639618,_pass_1.fastq.gz,_pass_2.fastq.gz,SRR12022508,/mnt/classes/marine_bio/home/egt5318/EnvGen2/SRAdump_PRJNA639618/SRR12022508_pass_1.fastq.gz,/mnt/classes/marine_bio/home/egt5318/EnvGen2/SRAdump_PRJNA639618/SRR12022508_pass_2.fastq.gz
SRR12022509,/,/mnt/classes/marine_bio/home/egt5318/EnvGen2/SRAdump_PRJNA639618,_pass_1.fastq.gz,_pass_2.fastq.gz,SRR12022509,/mnt/classes/marine_bio/home/egt5318/EnvGen2/SRAdump_PRJNA639618/SRR12022509_pass_1.fastq.gz,/mnt/classes/marine_bio/home/egt5318/EnvGen2/SRAdump_PRJNA639618/SRR12022509_pass_2.fastq.gz
SRR12022510,/,/mnt/classes/marine_bio/home/egt5318/EnvGen2/SRAdump_PRJNA639618,_pass_1.fastq.gz,_pass_2.fastq.gz,SRR12022510,/mnt/classes/marine_bio/home/egt5318/EnvGen2/SRAdump_PRJNA639618/SRR12022510_pass_1.fastq.gz,/mnt/classes/marine_bio/home/egt5318/EnvGen2/SRAdump_PRJNA639618/SRR12022510_pass_2.fastq.gz
SRR12022511,/,/mnt/classes/marine_bio/home/egt5318/EnvGen2/SRAdump_PRJNA639618,_pass_1.fastq.gz,_pass_2.fastq.gz,SRR12022511,/mnt/classes/marine_bio/home/egt5318/EnvGen2/SRAdump_PRJNA639618/SRR12022511_pass_1.fastq.gz,/mnt/classes/marine_bio/home/egt5318/EnvGen2/SRAdump_PRJNA639618/SRR12022511_pass_2.fastq.gz
SRR12022512,/,/mnt/classes/marine_bio/home/egt5318/EnvGen2/SRAdump_PRJNA639618,_pass_1.fastq.gz,_pass_2.fastq.gz,SRR12022512,/mnt/classes/marine_bio/home/egt5318/EnvGen2/SRAdump_PRJNA639618/SRR12022512_pass_1.fastq.gz,/mnt/classes/marine_bio/home/egt5318/EnvGen2/SRAdump_PRJNA639618/SRR12022512_pass_2.fastq.gz
SRR12022513,/,/mnt/classes/marine_bio/home/egt5318/EnvGen2/SRAdump_PRJNA639618,_pass_1.fastq.gz,_pass_2.fastq.gz,SRR12022513,/mnt/classes/marine_bio/home/egt5318/EnvGen2/SRAdump_PRJNA639618/SRR12022513_pass_1.fastq.gz,/mnt/classes/marine_bio/home/egt5318/EnvGen2/SRAdump_PRJNA639618/SRR12022513_pass_2.fastq.gz
SRR12022514,/,/mnt/classes/marine_bio/home/egt5318/EnvGen2/SRAdump_PRJNA639618,_pass_1.fastq.gz,_pass_2.fastq.gz,SRR12022514,/mnt/classes/marine_bio/home/egt5318/EnvGen2/SRAdump_PRJNA639618/SRR12022514_pass_1.fastq.gz,/mnt/classes/marine_bio/home/egt5318/EnvGen2/SRAdump_PRJNA639618/SRR12022514_pass_2.fastq.gz
SRR12022515,/,/mnt/classes/marine_bio/home/egt5318/EnvGen2/SRAdump_PRJNA639618,_pass_1.fastq.gz,_pass_2.fastq.gz,SRR12022515,/mnt/classes/marine_bio/home/egt5318/EnvGen2/SRAdump_PRJNA639618/SRR12022515_pass_1.fastq.gz,/mnt/classes/marine_bio/home/egt5318/EnvGen2/SRAdump_PRJNA639618/SRR12022515_pass_2.fastq.gz
SRR12022516,/,/mnt/classes/marine_bio/home/egt5318/EnvGen2/SRAdump_PRJNA639618,_pass_1.fastq.gz,_pass_2.fastq.gz,SRR12022516,/mnt/classes/marine_bio/home/egt5318/EnvGen2/SRAdump_PRJNA639618/SRR12022516_pass_1.fastq.gz,/mnt/classes/marine_bio/home/egt5318/EnvGen2/SRAdump_PRJNA639618/SRR12022516_pass_2.fastq.gz
SRR12022517,/,/mnt/classes/marine_bio/home/egt5318/EnvGen2/SRAdump_PRJNA639618,_pass_1.fastq.gz,_pass_2.fastq.gz,SRR12022517,/mnt/classes/marine_bio/home/egt5318/EnvGen2/SRAdump_PRJNA639618/SRR12022517_pass_1.fastq.gz,/mnt/classes/marine_bio/home/egt5318/EnvGen2/SRAdump_PRJNA639618/SRR12022517_pass_2.fastq.gz
SRR12022518,/,/mnt/classes/marine_bio/home/egt5318/EnvGen2/SRAdump_PRJNA639618,_pass_1.fastq.gz,_pass_2.fastq.gz,SRR12022518,/mnt/classes/marine_bio/home/egt5318/EnvGen2/SRAdump_PRJNA639618/SRR12022518_pass_1.fastq.gz,/mnt/classes/marine_bio/home/egt5318/EnvGen2/SRAdump_PRJNA639618/SRR12022518_pass_2.fastq.gz
SRR12022519,/,/mnt/classes/marine_bio/home/egt5318/EnvGen2/SRAdump_PRJNA639618,_pass_1.fastq.gz,_pass_2.fastq.gz,SRR12022519,/mnt/classes/marine_bio/home/egt5318/EnvGen2/SRAdump_PRJNA639618/SRR12022519_pass_1.fastq.gz,/mnt/classes/marine_bio/home/egt5318/EnvGen2/SRAdump_PRJNA639618/SRR12022519_pass_2.fastq.gz
SRR12022520,/,/mnt/classes/marine_bio/home/egt5318/EnvGen2/SRAdump_PRJNA639618,_pass_1.fastq.gz,_pass_2.fastq.gz,SRR12022520,/mnt/classes/marine_bio/home/egt5318/EnvGen2/SRAdump_PRJNA639618/SRR12022520_pass_1.fastq.gz,/mnt/classes/marine_bio/home/egt5318/EnvGen2/SRAdump_PRJNA639618/SRR12022520_pass_2.fastq.gz
SRR12022521,/,/mnt/classes/marine_bio/home/egt5318/EnvGen2/SRAdump_PRJNA639618,_pass_1.fastq.gz,_pass_2.fastq.gz,SRR12022521,/mnt/classes/marine_bio/home/egt5318/EnvGen2/SRAdump_PRJNA639618/SRR12022521_pass_1.fastq.gz,/mnt/classes/marine_bio/home/egt5318/EnvGen2/SRAdump_PRJNA639618/SRR12022521_pass_2.fastq.gz
SRR12022522,/,/mnt/classes/marine_bio/home/egt5318/EnvGen2/SRAdump_PRJNA639618,_pass_1.fastq.gz,_pass_2.fastq.gz,SRR12022522,/mnt/classes/marine_bio/home/egt5318/EnvGen2/SRAdump_PRJNA639618/SRR12022522_pass_1.fastq.gz,/mnt/classes/marine_bio/home/egt5318/EnvGen2/SRAdump_PRJNA639618/SRR12022522_pass_2.fastq.gz
SRR12022523,/,/mnt/classes/marine_bio/home/egt5318/EnvGen2/SRAdump_PRJNA639618,_pass_1.fastq.gz,_pass_2.fastq.gz,SRR12022523,/mnt/classes/marine_bio/home/egt5318/EnvGen2/SRAdump_PRJNA639618/SRR12022523_pass_1.fastq.gz,/mnt/classes/marine_bio/home/egt5318/EnvGen2/SRAdump_PRJNA639618/SRR12022523_pass_2.fastq.gz
SRR12022524,/,/mnt/classes/marine_bio/home/egt5318/EnvGen2/SRAdump_PRJNA639618,_pass_1.fastq.gz,_pass_2.fastq.gz,SRR12022524,/mnt/classes/marine_bio/home/egt5318/EnvGen2/SRAdump_PRJNA639618/SRR12022524_pass_1.fastq.gz,/mnt/classes/marine_bio/home/egt5318/EnvGen2/SRAdump_PRJNA639618/SRR12022524_pass_2.fastq.gz
SRR12022525,/,/mnt/classes/marine_bio/home/egt5318/EnvGen2/SRAdump_PRJNA639618,_pass_1.fastq.gz,_pass_2.fastq.gz,SRR12022525,/mnt/classes/marine_bio/home/egt5318/EnvGen2/SRAdump_PRJNA639618/SRR12022525_pass_1.fastq.gz,/mnt/classes/marine_bio/home/egt5318/EnvGen2/SRAdump_PRJNA639618/SRR12022525_pass_2.fastq.gz
SRR12022526,/,/mnt/classes/marine_bio/home/egt5318/EnvGen2/SRAdump_PRJNA639618,_pass_1.fastq.gz,_pass_2.fastq.gz,SRR12022526,/mnt/classes/marine_bio/home/egt5318/EnvGen2/SRAdump_PRJNA639618/SRR12022526_pass_1.fastq.gz,/mnt/classes/marine_bio/home/egt5318/EnvGen2/SRAdump_PRJNA639618/SRR12022526_pass_2.fastq.gz
SRR12022527,/,/mnt/classes/marine_bio/home/egt5318/EnvGen2/SRAdump_PRJNA639618,_pass_1.fastq.gz,_pass_2.fastq.gz,SRR12022527,/mnt/classes/marine_bio/home/egt5318/EnvGen2/SRAdump_PRJNA639618/SRR12022527_pass_1.fastq.gz,/mnt/classes/marine_bio/home/egt5318/EnvGen2/SRAdump_PRJNA639618/SRR12022527_pass_2.fastq.gz
SRR12022528,/,/mnt/classes/marine_bio/home/egt5318/EnvGen2/SRAdump_PRJNA639618,_pass_1.fastq.gz,_pass_2.fastq.gz,SRR12022528,/mnt/classes/marine_bio/home/egt5318/EnvGen2/SRAdump_PRJNA639618/SRR12022528_pass_1.fastq.gz,/mnt/classes/marine_bio/home/egt5318/EnvGen2/SRAdump_PRJNA639618/SRR12022528_pass_2.fastq.gz
SRR12022529,/,/mnt/classes/marine_bio/home/egt5318/EnvGen2/SRAdump_PRJNA639618,_pass_1.fastq.gz,_pass_2.fastq.gz,SRR12022529,/mnt/classes/marine_bio/home/egt5318/EnvGen2/SRAdump_PRJNA639618/SRR12022529_pass_1.fastq.gz,/mnt/classes/marine_bio/home/egt5318/EnvGen2/SRAdump_PRJNA639618/SRR12022529_pass_2.fastq.gz
SRR12022530,/,/mnt/classes/marine_bio/home/egt5318/EnvGen2/SRAdump_PRJNA639618,_pass_1.fastq.gz,_pass_2.fastq.gz,SRR12022530,/mnt/classes/marine_bio/home/egt5318/EnvGen2/SRAdump_PRJNA639618/SRR12022530_pass_1.fastq.gz,/mnt/classes/marine_bio/home/egt5318/EnvGen2/SRAdump_PRJNA639618/SRR12022530_pass_2.fastq.gz
SRR12022531,/,/mnt/classes/marine_bio/home/egt5318/EnvGen2/SRAdump_PRJNA639618,_pass_1.fastq.gz,_pass_2.fastq.gz,SRR12022531,/mnt/classes/marine_bio/home/egt5318/EnvGen2/SRAdump_PRJNA639618/SRR12022531_pass_1.fastq.gz,/mnt/classes/marine_bio/home/egt5318/EnvGen2/SRAdump_PRJNA639618/SRR12022531_pass_2.fastq.gz
SRR12022532,/,/mnt/classes/marine_bio/home/egt5318/EnvGen2/SRAdump_PRJNA639618,_pass_1.fastq.gz,_pass_2.fastq.gz,SRR12022532,/mnt/classes/marine_bio/home/egt5318/EnvGen2/SRAdump_PRJNA639618/SRR12022532_pass_1.fastq.gz,/mnt/classes/marine_bio/home/egt5318/EnvGen2/SRAdump_PRJNA639618/SRR12022532_pass_2.fastq.gz
SRR12022533,/,/mnt/classes/marine_bio/home/egt5318/EnvGen2/SRAdump_PRJNA639618,_pass_1.fastq.gz,_pass_2.fastq.gz,SRR12022533,/mnt/classes/marine_bio/home/egt5318/EnvGen2/SRAdump_PRJNA639618/SRR12022533_pass_1.fastq.gz,/mnt/classes/marine_bio/home/egt5318/EnvGen2/SRAdump_PRJNA639618/SRR12022533_pass_2.fastq.gz
SRR12022534,/,/mnt/classes/marine_bio/home/egt5318/EnvGen2/SRAdump_PRJNA639618,_pass_1.fastq.gz,_pass_2.fastq.gz,SRR12022534,/mnt/classes/marine_bio/home/egt5318/EnvGen2/SRAdump_PRJNA639618/SRR12022534_pass_1.fastq.gz,/mnt/classes/marine_bio/home/egt5318/EnvGen2/SRAdump_PRJNA639618/SRR12022534_pass_2.fastq.gz
SRR12022535,/,/mnt/classes/marine_bio/home/egt5318/EnvGen2/SRAdump_PRJNA639618,_pass_1.fastq.gz,_pass_2.fastq.gz,SRR12022535,/mnt/classes/marine_bio/home/egt5318/EnvGen2/SRAdump_PRJNA639618/SRR12022535_pass_1.fastq.gz,/mnt/classes/marine_bio/home/egt5318/EnvGen2/SRAdump_PRJNA639618/SRR12022535_pass_2.fastq.gz
SRR12022536,/,/mnt/classes/marine_bio/home/egt5318/EnvGen2/SRAdump_PRJNA639618,_pass_1.fastq.gz,_pass_2.fastq.gz,SRR12022536,/mnt/classes/marine_bio/home/egt5318/EnvGen2/SRAdump_PRJNA639618/SRR12022536_pass_1.fastq.gz,/mnt/classes/marine_bio/home/egt5318/EnvGen2/SRAdump_PRJNA639618/SRR12022536_pass_2.fastq.gz
SRR12022537,/,/mnt/classes/marine_bio/home/egt5318/EnvGen2/SRAdump_PRJNA639618,_pass_1.fastq.gz,_pass_2.fastq.gz,SRR12022537,/mnt/classes/marine_bio/home/egt5318/EnvGen2/SRAdump_PRJNA639618/SRR12022537_pass_1.fastq.gz,/mnt/classes/marine_bio/home/egt5318/EnvGen2/SRAdump_PRJNA639618/SRR12022537_pass_2.fastq.gz
SRR12022538,/,/mnt/classes/marine_bio/home/egt5318/EnvGen2/SRAdump_PRJNA639618,_pass_1.fastq.gz,_pass_2.fastq.gz,SRR12022538,/mnt/classes/marine_bio/home/egt5318/EnvGen2/SRAdump_PRJNA639618/SRR12022538_pass_1.fastq.gz,/mnt/classes/marine_bio/home/egt5318/EnvGen2/SRAdump_PRJNA639618/SRR12022538_pass_2.fastq.gz
SRR12022539,/,/mnt/classes/marine_bio/home/egt5318/EnvGen2/SRAdump_PRJNA639618,_pass_1.fastq.gz,_pass_2.fastq.gz,SRR12022539,/mnt/classes/marine_bio/home/egt5318/EnvGen2/SRAdump_PRJNA639618/SRR12022539_pass_1.fastq.gz,/mnt/classes/marine_bio/home/egt5318/EnvGen2/SRAdump_PRJNA639618/SRR12022539_pass_2.fastq.gz
SRR12022540,/,/mnt/classes/marine_bio/home/egt5318/EnvGen2/SRAdump_PRJNA639618,_pass_1.fastq.gz,_pass_2.fastq.gz,SRR12022540,/mnt/classes/marine_bio/home/egt5318/EnvGen2/SRAdump_PRJNA639618/SRR12022540_pass_1.fastq.gz,/mnt/classes/marine_bio/home/egt5318/EnvGen2/SRAdump_PRJNA639618/SRR12022540_pass_2.fastq.gz
SRR12022541,/,/mnt/classes/marine_bio/home/egt5318/EnvGen2/SRAdump_PRJNA639618,_pass_1.fastq.gz,_pass_2.fastq.gz,SRR12022541,/mnt/classes/marine_bio/home/egt5318/EnvGen2/SRAdump_PRJNA639618/SRR12022541_pass_1.fastq.gz,/mnt/classes/marine_bio/home/egt5318/EnvGen2/SRAdump_PRJNA639618/SRR12022541_pass_2.fastq.gz
SRR12022542,/,/mnt/classes/marine_bio/home/egt5318/EnvGen2/SRAdump_PRJNA639618,_pass_1.fastq.gz,_pass_2.fastq.gz,SRR12022542,/mnt/classes/marine_bio/home/egt5318/EnvGen2/SRAdump_PRJNA639618/SRR12022542_pass_1.fastq.gz,/mnt/classes/marine_bio/home/egt5318/EnvGen2/SRAdump_PRJNA639618/SRR12022542_pass_2.fastq.gz
SRR12022544,/,/mnt/classes/marine_bio/home/egt5318/EnvGen2/SRAdump_PRJNA639618,_pass_1.fastq.gz,_pass_2.fastq.gz,SRR12022544,/mnt/classes/marine_bio/home/egt5318/EnvGen2/SRAdump_PRJNA639618/SRR12022544_pass_1.fastq.gz,/mnt/classes/marine_bio/home/egt5318/EnvGen2/SRAdump_PRJNA639618/SRR12022544_pass_2.fastq.gz
SRR12022545,/,/mnt/classes/marine_bio/home/egt5318/EnvGen2/SRAdump_PRJNA639618,_pass_1.fastq.gz,_pass_2.fastq.gz,SRR12022545,/mnt/classes/marine_bio/home/egt5318/EnvGen2/SRAdump_PRJNA639618/SRR12022545_pass_1.fastq.gz,/mnt/classes/marine_bio/home/egt5318/EnvGen2/SRAdump_PRJNA639618/SRR12022545_pass_2.fastq.gz
SRR12022546,/,/mnt/classes/marine_bio/home/egt5318/EnvGen2/SRAdump_PRJNA639618,_pass_1.fastq.gz,_pass_2.fastq.gz,SRR12022546,/mnt/classes/marine_bio/home/egt5318/EnvGen2/SRAdump_PRJNA639618/SRR12022546_pass_1.fastq.gz,/mnt/classes/marine_bio/home/egt5318/EnvGen2/SRAdump_PRJNA639618/SRR12022546_pass_2.fastq.gz
SRR12022547,/,/mnt/classes/marine_bio/home/egt5318/EnvGen2/SRAdump_PRJNA639618,_pass_1.fastq.gz,_pass_2.fastq.gz,SRR12022547,/mnt/classes/marine_bio/home/egt5318/EnvGen2/SRAdump_PRJNA639618/SRR12022547_pass_1.fastq.gz,/mnt/classes/marine_bio/home/egt5318/EnvGen2/SRAdump_PRJNA639618/SRR12022547_pass_2.fastq.gz
SRR12022548,/,/mnt/classes/marine_bio/home/egt5318/EnvGen2/SRAdump_PRJNA639618,_pass_1.fastq.gz,_pass_2.fastq.gz,SRR12022548,/mnt/classes/marine_bio/home/egt5318/EnvGen2/SRAdump_PRJNA639618/SRR12022548_pass_1.fastq.gz,/mnt/classes/marine_bio/home/egt5318/EnvGen2/SRAdump_PRJNA639618/SRR12022548_pass_2.fastq.gz
SRR12022549,/,/mnt/classes/marine_bio/home/egt5318/EnvGen2/SRAdump_PRJNA639618,_pass_1.fastq.gz,_pass_2.fastq.gz,SRR12022549,/mnt/classes/marine_bio/home/egt5318/EnvGen2/SRAdump_PRJNA639618/SRR12022549_pass_1.fastq.gz,/mnt/classes/marine_bio/home/egt5318/EnvGen2/SRAdump_PRJNA639618/SRR12022549_pass_2.fastq.gz
SRR12022550,/,/mnt/classes/marine_bio/home/egt5318/EnvGen2/SRAdump_PRJNA639618,_pass_1.fastq.gz,_pass_2.fastq.gz,SRR12022550,/mnt/classes/marine_bio/home/egt5318/EnvGen2/SRAdump_PRJNA639618/SRR12022550_pass_1.fastq.gz,/mnt/classes/marine_bio/home/egt5318/EnvGen2/SRAdump_PRJNA639618/SRR12022550_pass_2.fastq.gz
SRR12022551,/,/mnt/classes/marine_bio/home/egt5318/EnvGen2/SRAdump_PRJNA639618,_pass_1.fastq.gz,_pass_2.fastq.gz,SRR12022551,/mnt/classes/marine_bio/home/egt5318/EnvGen2/SRAdump_PRJNA639618/SRR12022551_pass_1.fastq.gz,/mnt/classes/marine_bio/home/egt5318/EnvGen2/SRAdump_PRJNA639618/SRR12022551_pass_2.fastq.gz
SRR12022552,/,/mnt/classes/marine_bio/home/egt5318/EnvGen2/SRAdump_PRJNA639618,_pass_1.fastq.gz,_pass_2.fastq.gz,SRR12022552,/mnt/classes/marine_bio/home/egt5318/EnvGen2/SRAdump_PRJNA639618/SRR12022552_pass_1.fastq.gz,/mnt/classes/marine_bio/home/egt5318/EnvGen2/SRAdump_PRJNA639618/SRR12022552_pass_2.fastq.gz
SRR12022553,/,/mnt/classes/marine_bio/home/egt5318/EnvGen2/SRAdump_PRJNA639618,_pass_1.fastq.gz,_pass_2.fastq.gz,SRR12022553,/mnt/classes/marine_bio/home/egt5318/EnvGen2/SRAdump_PRJNA639618/SRR12022553_pass_1.fastq.gz,/mnt/classes/marine_bio/home/egt5318/EnvGen2/SRAdump_PRJNA639618/SRR12022553_pass_2.fastq.gz
SRR12022554,/,/mnt/classes/marine_bio/home/egt5318/EnvGen2/SRAdump_PRJNA639618,_pass_1.fastq.gz,_pass_2.fastq.gz,SRR12022554,/mnt/classes/marine_bio/home/egt5318/EnvGen2/SRAdump_PRJNA639618/SRR12022554_pass_1.fastq.gz,/mnt/classes/marine_bio/home/egt5318/EnvGen2/SRAdump_PRJNA639618/SRR12022554_pass_2.fastq.gz
SRR12022555,/,/mnt/classes/marine_bio/home/egt5318/EnvGen2/SRAdump_PRJNA639618,_pass_1.fastq.gz,_pass_2.fastq.gz,SRR12022555,/mnt/classes/marine_bio/home/egt5318/EnvGen2/SRAdump_PRJNA639618/SRR12022555_pass_1.fastq.gz,/mnt/classes/marine_bio/home/egt5318/EnvGen2/SRAdump_PRJNA639618/SRR12022555_pass_2.fastq.gz
SRR12022556,/,/mnt/classes/marine_bio/home/egt5318/EnvGen2/SRAdump_PRJNA639618,_pass_1.fastq.gz,_pass_2.fastq.gz,SRR12022556,/mnt/classes/marine_bio/home/egt5318/EnvGen2/SRAdump_PRJNA639618/SRR12022556_pass_1.fastq.gz,/mnt/classes/marine_bio/home/egt5318/EnvGen2/SRAdump_PRJNA639618/SRR12022556_pass_2.fastq.gz
SRR12022557,/,/mnt/classes/marine_bio/home/egt5318/EnvGen2/SRAdump_PRJNA639618,_pass_1.fastq.gz,_pass_2.fastq.gz,SRR12022557,/mnt/classes/marine_bio/home/egt5318/EnvGen2/SRAdump_PRJNA639618/SRR12022557_pass_1.fastq.gz,/mnt/classes/marine_bio/home/egt5318/EnvGen2/SRAdump_PRJNA639618/SRR12022557_pass_2.fastq.gz
SRR12022563,/,/mnt/classes/marine_bio/home/egt5318/EnvGen2/SRAdump_PRJNA639618,_pass_1.fastq.gz,_pass_2.fastq.gz,SRR12022563,/mnt/classes/marine_bio/home/egt5318/EnvGen2/SRAdump_PRJNA639618/SRR12022563_pass_1.fastq.gz,/mnt/classes/marine_bio/home/egt5318/EnvGen2/SRAdump_PRJNA639618/SRR12022563_pass_2.fastq.gz
SRR12022574,/,/mnt/classes/marine_bio/home/egt5318/EnvGen2/SRAdump_PRJNA639618,_pass_1.fastq.gz,_pass_2.fastq.gz,SRR12022574,/mnt/classes/marine_bio/home/egt5318/EnvGen2/SRAdump_PRJNA639618/SRR12022574_pass_1.fastq.gz,/mnt/classes/marine_bio/home/egt5318/EnvGen2/SRAdump_PRJNA639618/SRR12022574_pass_2.fastq.gz
SRR12022584,/,/mnt/classes/marine_bio/home/egt5318/EnvGen2/SRAdump_PRJNA639618,_pass_1.fastq.gz,_pass_2.fastq.gz,SRR12022584,/mnt/classes/marine_bio/home/egt5318/EnvGen2/SRAdump_PRJNA639618/SRR12022584_pass_1.fastq.gz,/mnt/classes/marine_bio/home/egt5318/EnvGen2/SRAdump_PRJNA639618/SRR12022584_pass_2.fastq.gz
SRR12022585,/,/mnt/classes/marine_bio/home/egt5318/EnvGen2/SRAdump_PRJNA639618,_pass_1.fastq.gz,_pass_2.fastq.gz,SRR12022585,/mnt/classes/marine_bio/home/egt5318/EnvGen2/SRAdump_PRJNA639618/SRR12022585_pass_1.fastq.gz,/mnt/classes/marine_bio/home/egt5318/EnvGen2/SRAdump_PRJNA639618/SRR12022585_pass_2.fastq.gz
SRR12022586,/,/mnt/classes/marine_bio/home/egt5318/EnvGen2/SRAdump_PRJNA639618,_pass_1.fastq.gz,_pass_2.fastq.gz,SRR12022586,/mnt/classes/marine_bio/home/egt5318/EnvGen2/SRAdump_PRJNA639618/SRR12022586_pass_1.fastq.gz,/mnt/classes/marine_bio/home/egt5318/EnvGen2/SRAdump_PRJNA639618/SRR12022586_pass_2.fastq.gz
SRR12022587,/,/mnt/classes/marine_bio/home/egt5318/EnvGen2/SRAdump_PRJNA639618,_pass_1.fastq.gz,_pass_2.fastq.gz,SRR12022587,/mnt/classes/marine_bio/home/egt5318/EnvGen2/SRAdump_PRJNA639618/SRR12022587_pass_1.fastq.gz,/mnt/classes/marine_bio/home/egt5318/EnvGen2/SRAdump_PRJNA639618/SRR12022587_pass_2.fastq.gz
SRR12022588,/,/mnt/classes/marine_bio/home/egt5318/EnvGen2/SRAdump_PRJNA639618,_pass_1.fastq.gz,_pass_2.fastq.gz,SRR12022588,/mnt/classes/marine_bio/home/egt5318/EnvGen2/SRAdump_PRJNA639618/SRR12022588_pass_1.fastq.gz,/mnt/classes/marine_bio/home/egt5318/EnvGen2/SRAdump_PRJNA639618/SRR12022588_pass_2.fastq.gz
SRR12022589,/,/mnt/classes/marine_bio/home/egt5318/EnvGen2/SRAdump_PRJNA639618,_pass_1.fastq.gz,_pass_2.fastq.gz,SRR12022589,/mnt/classes/marine_bio/home/egt5318/EnvGen2/SRAdump_PRJNA639618/SRR12022589_pass_1.fastq.gz,/mnt/classes/marine_bio/home/egt5318/EnvGen2/SRAdump_PRJNA639618/SRR12022589_pass_2.fastq.gz
SRR12022590,/,/mnt/classes/marine_bio/home/egt5318/EnvGen2/SRAdump_PRJNA639618,_pass_1.fastq.gz,_pass_2.fastq.gz,SRR12022590,/mnt/classes/marine_bio/home/egt5318/EnvGen2/SRAdump_PRJNA639618/SRR12022590_pass_1.fastq.gz,/mnt/classes/marine_bio/home/egt5318/EnvGen2/SRAdump_PRJNA639618/SRR12022590_pass_2.fastq.gz
SRR12022591,/,/mnt/classes/marine_bio/home/egt5318/EnvGen2/SRAdump_PRJNA639618,_pass_1.fastq.gz,_pass_2.fastq.gz,SRR12022591,/mnt/classes/marine_bio/home/egt5318/EnvGen2/SRAdump_PRJNA639618/SRR12022591_pass_1.fastq.gz,/mnt/classes/marine_bio/home/egt5318/EnvGen2/SRAdump_PRJNA639618/SRR12022591_pass_2.fastq.gz
SRR12022592,/,/mnt/classes/marine_bio/home/egt5318/EnvGen2/SRAdump_PRJNA639618,_pass_1.fastq.gz,_pass_2.fastq.gz,SRR12022592,/mnt/classes/marine_bio/home/egt5318/EnvGen2/SRAdump_PRJNA639618/SRR12022592_pass_1.fastq.gz,/mnt/classes/marine_bio/home/egt5318/EnvGen2/SRAdump_PRJNA639618/SRR12022592_pass_2.fastq.gz
SRR12022593,/,/mnt/classes/marine_bio/home/egt5318/EnvGen2/SRAdump_PRJNA639618,_pass_1.fastq.gz,_pass_2.fastq.gz,SRR12022593,/mnt/classes/marine_bio/home/egt5318/EnvGen2/SRAdump_PRJNA639618/SRR12022593_pass_1.fastq.gz,/mnt/classes/marine_bio/home/egt5318/EnvGen2/SRAdump_PRJNA639618/SRR12022593_pass_2.fastq.gz
SRR12022594,/,/mnt/classes/marine_bio/home/egt5318/EnvGen2/SRAdump_PRJNA639618,_pass_1.fastq.gz,_pass_2.fastq.gz,SRR12022594,/mnt/classes/marine_bio/home/egt5318/EnvGen2/SRAdump_PRJNA639618/SRR12022594_pass_1.fastq.gz,/mnt/classes/marine_bio/home/egt5318/EnvGen2/SRAdump_PRJNA639618/SRR12022594_pass_2.fastq.gz
SRR12022595,/,/mnt/classes/marine_bio/home/egt5318/EnvGen2/SRAdump_PRJNA639618,_pass_1.fastq.gz,_pass_2.fastq.gz,SRR12022595,/mnt/classes/marine_bio/home/egt5318/EnvGen2/SRAdump_PRJNA639618/SRR12022595_pass_1.fastq.gz,/mnt/classes/marine_bio/home/egt5318/EnvGen2/SRAdump_PRJNA639618/SRR12022595_pass_2.fastq.gz
SRR12022596,/,/mnt/classes/marine_bio/home/egt5318/EnvGen2/SRAdump_PRJNA639618,_pass_1.fastq.gz,_pass_2.fastq.gz,SRR12022596,/mnt/classes/marine_bio/home/egt5318/EnvGen2/SRAdump_PRJNA639618/SRR12022596_pass_1.fastq.gz,/mnt/classes/marine_bio/home/egt5318/EnvGen2/SRAdump_PRJNA639618/SRR12022596_pass_2.fastq.gz
SRR12022597,/,/mnt/classes/marine_bio/home/egt5318/EnvGen2/SRAdump_PRJNA639618,_pass_1.fastq.gz,_pass_2.fastq.gz,SRR12022597,/mnt/classes/marine_bio/home/egt5318/EnvGen2/SRAdump_PRJNA639618/SRR12022597_pass_1.fastq.gz,/mnt/classes/marine_bio/home/egt5318/EnvGen2/SRAdump_PRJNA639618/SRR12022597_pass_2.fastq.gz
SRR12022598,/,/mnt/classes/marine_bio/home/egt5318/EnvGen2/SRAdump_PRJNA639618,_pass_1.fastq.gz,_pass_2.fastq.gz,SRR12022598,/mnt/classes/marine_bio/home/egt5318/EnvGen2/SRAdump_PRJNA639618/SRR12022598_pass_1.fastq.gz,/mnt/classes/marine_bio/home/egt5318/EnvGen2/SRAdump_PRJNA639618/SRR12022598_pass_2.fastq.gz
SRR12022599,/,/mnt/classes/marine_bio/home/egt5318/EnvGen2/SRAdump_PRJNA639618,_pass_1.fastq.gz,_pass_2.fastq.gz,SRR12022599,/mnt/classes/marine_bio/home/egt5318/EnvGen2/SRAdump_PRJNA639618/SRR12022599_pass_1.fastq.gz,/mnt/classes/marine_bio/home/egt5318/EnvGen2/SRAdump_PRJNA639618/SRR12022599_pass_2.fastq.gz
SRR12022607,/,/mnt/classes/marine_bio/home/egt5318/EnvGen2/SRAdump_PRJNA639618,_pass_1.fastq.gz,_pass_2.fastq.gz,SRR12022607,/mnt/classes/marine_bio/home/egt5318/EnvGen2/SRAdump_PRJNA639618/SRR12022607_pass_1.fastq.gz,/mnt/classes/marine_bio/home/egt5318/EnvGen2/SRAdump_PRJNA639618/SRR12022607_pass_2.fastq.gz
SRR12022615,/,/mnt/classes/marine_bio/home/egt5318/EnvGen2/SRAdump_PRJNA639618,_pass_1.fastq.gz,_pass_2.fastq.gz,SRR12022615,/mnt/classes/marine_bio/home/egt5318/EnvGen2/SRAdump_PRJNA639618/SRR12022615_pass_1.fastq.gz,/mnt/classes/marine_bio/home/egt5318/EnvGen2/SRAdump_PRJNA639618/SRR12022615_pass_2.fastq.gz
SRR12022616,/,/mnt/classes/marine_bio/home/egt5318/EnvGen2/SRAdump_PRJNA639618,_pass_1.fastq.gz,_pass_2.fastq.gz,SRR12022616,/mnt/classes/marine_bio/home/egt5318/EnvGen2/SRAdump_PRJNA639618/SRR12022616_pass_1.fastq.gz,/mnt/classes/marine_bio/home/egt5318/EnvGen2/SRAdump_PRJNA639618/SRR12022616_pass_2.fastq.gz
SRR12022617,/,/mnt/classes/marine_bio/home/egt5318/EnvGen2/SRAdump_PRJNA639618,_pass_1.fastq.gz,_pass_2.fastq.gz,SRR12022617,/mnt/classes/marine_bio/home/egt5318/EnvGen2/SRAdump_PRJNA639618/SRR12022617_pass_1.fastq.gz,/mnt/classes/marine_bio/home/egt5318/EnvGen2/SRAdump_PRJNA639618/SRR12022617_pass_2.fastq.gz
SRR12022618,/,/mnt/classes/marine_bio/home/egt5318/EnvGen2/SRAdump_PRJNA639618,_pass_1.fastq.gz,_pass_2.fastq.gz,SRR12022618,/mnt/classes/marine_bio/home/egt5318/EnvGen2/SRAdump_PRJNA639618/SRR12022618_pass_1.fastq.gz,/mnt/classes/marine_bio/home/egt5318/EnvGen2/SRAdump_PRJNA639618/SRR12022618_pass_2.fastq.gz
SRR12022619,/,/mnt/classes/marine_bio/home/egt5318/EnvGen2/SRAdump_PRJNA639618,_pass_1.fastq.gz,_pass_2.fastq.gz,SRR12022619,/mnt/classes/marine_bio/home/egt5318/EnvGen2/SRAdump_PRJNA639618/SRR12022619_pass_1.fastq.gz,/mnt/classes/marine_bio/home/egt5318/EnvGen2/SRAdump_PRJNA639618/SRR12022619_pass_2.fastq.gz
SRR12022620,/,/mnt/classes/marine_bio/home/egt5318/EnvGen2/SRAdump_PRJNA639618,_pass_1.fastq.gz,_pass_2.fastq.gz,SRR12022620,/mnt/classes/marine_bio/home/egt5318/EnvGen2/SRAdump_PRJNA639618/SRR12022620_pass_1.fastq.gz,/mnt/classes/marine_bio/home/egt5318/EnvGen2/SRAdump_PRJNA639618/SRR12022620_pass_2.fastq.gz
SRR12022621,/,/mnt/classes/marine_bio/home/egt5318/EnvGen2/SRAdump_PRJNA639618,_pass_1.fastq.gz,_pass_2.fastq.gz,SRR12022621,/mnt/classes/marine_bio/home/egt5318/EnvGen2/SRAdump_PRJNA639618/SRR12022621_pass_1.fastq.gz,/mnt/classes/marine_bio/home/egt5318/EnvGen2/SRAdump_PRJNA639618/SRR12022621_pass_2.fastq.gz
SRR12022622,/,/mnt/classes/marine_bio/home/egt5318/EnvGen2/SRAdump_PRJNA639618,_pass_1.fastq.gz,_pass_2.fastq.gz,SRR12022622,/mnt/classes/marine_bio/home/egt5318/EnvGen2/SRAdump_PRJNA639618/SRR12022622_pass_1.fastq.gz,/mnt/classes/marine_bio/home/egt5318/EnvGen2/SRAdump_PRJNA639618/SRR12022622_pass_2.fastq.gz
SRR12022623,/,/mnt/classes/marine_bio/home/egt5318/EnvGen2/SRAdump_PRJNA639618,_pass_1.fastq.gz,_pass_2.fastq.gz,SRR12022623,/mnt/classes/marine_bio/home/egt5318/EnvGen2/SRAdump_PRJNA639618/SRR12022623_pass_1.fastq.gz,/mnt/classes/marine_bio/home/egt5318/EnvGen2/SRAdump_PRJNA639618/SRR12022623_pass_2.fastq.gz
SRR12022624,/,/mnt/classes/marine_bio/home/egt5318/EnvGen2/SRAdump_PRJNA639618,_pass_1.fastq.gz,_pass_2.fastq.gz,SRR12022624,/mnt/classes/marine_bio/home/egt5318/EnvGen2/SRAdump_PRJNA639618/SRR12022624_pass_1.fastq.gz,/mnt/classes/marine_bio/home/egt5318/EnvGen2/SRAdump_PRJNA639618/SRR12022624_pass_2.fastq.gz
SRR12022625,/,/mnt/classes/marine_bio/home/egt5318/EnvGen2/SRAdump_PRJNA639618,_pass_1.fastq.gz,_pass_2.fastq.gz,SRR12022625,/mnt/classes/marine_bio/home/egt5318/EnvGen2/SRAdump_PRJNA639618/SRR12022625_pass_1.fastq.gz,/mnt/classes/marine_bio/home/egt5318/EnvGen2/SRAdump_PRJNA639618/SRR12022625_pass_2.fastq.gz
SRR12022626,/,/mnt/classes/marine_bio/home/egt5318/EnvGen2/SRAdump_PRJNA639618,_pass_1.fastq.gz,_pass_2.fastq.gz,SRR12022626,/mnt/classes/marine_bio/home/egt5318/EnvGen2/SRAdump_PRJNA639618/SRR12022626_pass_1.fastq.gz,/mnt/classes/marine_bio/home/egt5318/EnvGen2/SRAdump_PRJNA639618/SRR12022626_pass_2.fastq.gz
SRR12022627,/,/mnt/classes/marine_bio/home/egt5318/EnvGen2/SRAdump_PRJNA639618,_pass_1.fastq.gz,_pass_2.fastq.gz,SRR12022627,/mnt/classes/marine_bio/home/egt5318/EnvGen2/SRAdump_PRJNA639618/SRR12022627_pass_1.fastq.gz,/mnt/classes/marine_bio/home/egt5318/EnvGen2/SRAdump_PRJNA639618/SRR12022627_pass_2.fastq.gz
SRR12022628,/,/mnt/classes/marine_bio/home/egt5318/EnvGen2/SRAdump_PRJNA639618,_pass_1.fastq.gz,_pass_2.fastq.gz,SRR12022628,/mnt/classes/marine_bio/home/egt5318/EnvGen2/SRAdump_PRJNA639618/SRR12022628_pass_1.fastq.gz,/mnt/classes/marine_bio/home/egt5318/EnvGen2/SRAdump_PRJNA639618/SRR12022628_pass_2.fastq.gz
SRR12022629,/,/mnt/classes/marine_bio/home/egt5318/EnvGen2/SRAdump_PRJNA639618,_pass_1.fastq.gz,_pass_2.fastq.gz,SRR12022629,/mnt/classes/marine_bio/home/egt5318/EnvGen2/SRAdump_PRJNA639618/SRR12022629_pass_1.fastq.gz,/mnt/classes/marine_bio/home/egt5318/EnvGen2/SRAdump_PRJNA639618/SRR12022629_pass_2.fastq.gz
SRR12022630,/,/mnt/classes/marine_bio/home/egt5318/EnvGen2/SRAdump_PRJNA639618,_pass_1.fastq.gz,_pass_2.fastq.gz,SRR12022630,/mnt/classes/marine_bio/home/egt5318/EnvGen2/SRAdump_PRJNA639618/SRR12022630_pass_1.fastq.gz,/mnt/classes/marine_bio/home/egt5318/EnvGen2/SRAdump_PRJNA639618/SRR12022630_pass_2.fastq.gz
SRR12022631,/,/mnt/classes/marine_bio/home/egt5318/EnvGen2/SRAdump_PRJNA639618,_pass_1.fastq.gz,_pass_2.fastq.gz,SRR12022631,/mnt/classes/marine_bio/home/egt5318/EnvGen2/SRAdump_PRJNA639618/SRR12022631_pass_1.fastq.gz,/mnt/classes/marine_bio/home/egt5318/EnvGen2/SRAdump_PRJNA639618/SRR12022631_pass_2.fastq.gz
SRR12022632,/,/mnt/classes/marine_bio/home/egt5318/EnvGen2/SRAdump_PRJNA639618,_pass_1.fastq.gz,_pass_2.fastq.gz,SRR12022632,/mnt/classes/marine_bio/home/egt5318/EnvGen2/SRAdump_PRJNA639618/SRR12022632_pass_1.fastq.gz,/mnt/classes/marine_bio/home/egt5318/EnvGen2/SRAdump_PRJNA639618/SRR12022632_pass_2.fastq.gz
SRR12022633,/,/mnt/classes/marine_bio/home/egt5318/EnvGen2/SRAdump_PRJNA639618,_pass_1.fastq.gz,_pass_2.fastq.gz,SRR12022633,/mnt/classes/marine_bio/home/egt5318/EnvGen2/SRAdump_PRJNA639618/SRR12022633_pass_1.fastq.gz,/mnt/classes/marine_bio/home/egt5318/EnvGen2/SRAdump_PRJNA639618/SRR12022633_pass_2.fastq.gz
SRR12022634,/,/mnt/classes/marine_bio/home/egt5318/EnvGen2/SRAdump_PRJNA639618,_pass_1.fastq.gz,_pass_2.fastq.gz,SRR12022634,/mnt/classes/marine_bio/home/egt5318/EnvGen2/SRAdump_PRJNA639618/SRR12022634_pass_1.fastq.gz,/mnt/classes/marine_bio/home/egt5318/EnvGen2/SRAdump_PRJNA639618/SRR12022634_pass_2.fastq.gz
SRR12022635,/,/mnt/classes/marine_bio/home/egt5318/EnvGen2/SRAdump_PRJNA639618,_pass_1.fastq.gz,_pass_2.fastq.gz,SRR12022635,/mnt/classes/marine_bio/home/egt5318/EnvGen2/SRAdump_PRJNA639618/SRR12022635_pass_1.fastq.gz,/mnt/classes/marine_bio/home/egt5318/EnvGen2/SRAdump_PRJNA639618/SRR12022635_pass_2.fastq.gz
SRR12022636,/,/mnt/classes/marine_bio/home/egt5318/EnvGen2/SRAdump_PRJNA639618,_pass_1.fastq.gz,_pass_2.fastq.gz,SRR12022636,/mnt/classes/marine_bio/home/egt5318/EnvGen2/SRAdump_PRJNA639618/SRR12022636_pass_1.fastq.gz,/mnt/classes/marine_bio/home/egt5318/EnvGen2/SRAdump_PRJNA639618/SRR12022636_pass_2.fastq.gz
SRR12022637,/,/mnt/classes/marine_bio/home/egt5318/EnvGen2/SRAdump_PRJNA639618,_pass_1.fastq.gz,_pass_2.fastq.gz,SRR12022637,/mnt/classes/marine_bio/home/egt5318/EnvGen2/SRAdump_PRJNA639618/SRR12022637_pass_1.fastq.gz,/mnt/classes/marine_bio/home/egt5318/EnvGen2/SRAdump_PRJNA639618/SRR12022637_pass_2.fastq.gz
SRR12022638,/,/mnt/classes/marine_bio/home/egt5318/EnvGen2/SRAdump_PRJNA639618,_pass_1.fastq.gz,_pass_2.fastq.gz,SRR12022638,/mnt/classes/marine_bio/home/egt5318/EnvGen2/SRAdump_PRJNA639618/SRR12022638_pass_1.fastq.gz,/mnt/classes/marine_bio/home/egt5318/EnvGen2/SRAdump_PRJNA639618/SRR12022638_pass_2.fastq.gz
SRR12022639,/,/mnt/classes/marine_bio/home/egt5318/EnvGen2/SRAdump_PRJNA639618,_pass_1.fastq.gz,_pass_2.fastq.gz,SRR12022639,/mnt/classes/marine_bio/home/egt5318/EnvGen2/SRAdump_PRJNA639618/SRR12022639_pass_1.fastq.gz,/mnt/classes/marine_bio/home/egt5318/EnvGen2/SRAdump_PRJNA639618/SRR12022639_pass_2.fastq.gz
SRR12022640,/,/mnt/classes/marine_bio/home/egt5318/EnvGen2/SRAdump_PRJNA639618,_pass_1.fastq.gz,_pass_2.fastq.gz,SRR12022640,/mnt/classes/marine_bio/home/egt5318/EnvGen2/SRAdump_PRJNA639618/SRR12022640_pass_1.fastq.gz,/mnt/classes/marine_bio/home/egt5318/EnvGen2/SRAdump_PRJNA639618/SRR12022640_pass_2.fastq.gz
SRR12022641,/,/mnt/classes/marine_bio/home/egt5318/EnvGen2/SRAdump_PRJNA639618,_pass_1.fastq.gz,_pass_2.fastq.gz,SRR12022641,/mnt/classes/marine_bio/home/egt5318/EnvGen2/SRAdump_PRJNA639618/SRR12022641_pass_1.fastq.gz,/mnt/classes/marine_bio/home/egt5318/EnvGen2/SRAdump_PRJNA639618/SRR12022641_pass_2.fastq.gz
SRR12022642,/,/mnt/classes/marine_bio/home/egt5318/EnvGen2/SRAdump_PRJNA639618,_pass_1.fastq.gz,_pass_2.fastq.gz,SRR12022642,/mnt/classes/marine_bio/home/egt5318/EnvGen2/SRAdump_PRJNA639618/SRR12022642_pass_1.fastq.gz,/mnt/classes/marine_bio/home/egt5318/EnvGen2/SRAdump_PRJNA639618/SRR12022642_pass_2.fastq.gz
SRR12022643,/,/mnt/classes/marine_bio/home/egt5318/EnvGen2/SRAdump_PRJNA639618,_pass_1.fastq.gz,_pass_2.fastq.gz,SRR12022643,/mnt/classes/marine_bio/home/egt5318/EnvGen2/SRAdump_PRJNA639618/SRR12022643_pass_1.fastq.gz,/mnt/classes/marine_bio/home/egt5318/EnvGen2/SRAdump_PRJNA639618/SRR12022643_pass_2.fastq.gz
SRR12022644,/,/mnt/classes/marine_bio/home/egt5318/EnvGen2/SRAdump_PRJNA639618,_pass_1.fastq.gz,_pass_2.fastq.gz,SRR12022644,/mnt/classes/marine_bio/home/egt5318/EnvGen2/SRAdump_PRJNA639618/SRR12022644_pass_1.fastq.gz,/mnt/classes/marine_bio/home/egt5318/EnvGen2/SRAdump_PRJNA639618/SRR12022644_pass_2.fastq.gz
SRR12022645,/,/mnt/classes/marine_bio/home/egt5318/EnvGen2/SRAdump_PRJNA639618,_pass_1.fastq.gz,_pass_2.fastq.gz,SRR12022645,/mnt/classes/marine_bio/home/egt5318/EnvGen2/SRAdump_PRJNA639618/SRR12022645_pass_1.fastq.gz,/mnt/classes/marine_bio/home/egt5318/EnvGen2/SRAdump_PRJNA639618/SRR12022645_pass_2.fastq.gz
SRR12022646,/,/mnt/classes/marine_bio/home/egt5318/EnvGen2/SRAdump_PRJNA639618,_pass_1.fastq.gz,_pass_2.fastq.gz,SRR12022646,/mnt/classes/marine_bio/home/egt5318/EnvGen2/SRAdump_PRJNA639618/SRR12022646_pass_1.fastq.gz,/mnt/classes/marine_bio/home/egt5318/EnvGen2/SRAdump_PRJNA639618/SRR12022646_pass_2.fastq.gz
SRR12022647,/,/mnt/classes/marine_bio/home/egt5318/EnvGen2/SRAdump_PRJNA639618,_pass_1.fastq.gz,_pass_2.fastq.gz,SRR12022647,/mnt/classes/marine_bio/home/egt5318/EnvGen2/SRAdump_PRJNA639618/SRR12022647_pass_1.fastq.gz,/mnt/classes/marine_bio/home/egt5318/EnvGen2/SRAdump_PRJNA639618/SRR12022647_pass_2.fastq.gz
SRR12022648,/,/mnt/classes/marine_bio/home/egt5318/EnvGen2/SRAdump_PRJNA639618,_pass_1.fastq.gz,_pass_2.fastq.gz,SRR12022648,/mnt/classes/marine_bio/home/egt5318/EnvGen2/SRAdump_PRJNA639618/SRR12022648_pass_1.fastq.gz,/mnt/classes/marine_bio/home/egt5318/EnvGen2/SRAdump_PRJNA639618/SRR12022648_pass_2.fastq.gz
SRR12022649,/,/mnt/classes/marine_bio/home/egt5318/EnvGen2/SRAdump_PRJNA639618,_pass_1.fastq.gz,_pass_2.fastq.gz,SRR12022649,/mnt/classes/marine_bio/home/egt5318/EnvGen2/SRAdump_PRJNA639618/SRR12022649_pass_1.fastq.gz,/mnt/classes/marine_bio/home/egt5318/EnvGen2/SRAdump_PRJNA639618/SRR12022649_pass_2.fastq.gz
SRR12022650,/,/mnt/classes/marine_bio/home/egt5318/EnvGen2/SRAdump_PRJNA639618,_pass_1.fastq.gz,_pass_2.fastq.gz,SRR12022650,/mnt/classes/marine_bio/home/egt5318/EnvGen2/SRAdump_PRJNA639618/SRR12022650_pass_1.fastq.gz,/mnt/classes/marine_bio/home/egt5318/EnvGen2/SRAdump_PRJNA639618/SRR12022650_pass_2.fastq.gz
SRR12022651,/,/mnt/classes/marine_bio/home/egt5318/EnvGen2/SRAdump_PRJNA639618,_pass_1.fastq.gz,_pass_2.fastq.gz,SRR12022651,/mnt/classes/marine_bio/home/egt5318/EnvGen2/SRAdump_PRJNA639618/SRR12022651_pass_1.fastq.gz,/mnt/classes/marine_bio/home/egt5318/EnvGen2/SRAdump_PRJNA639618/SRR12022651_pass_2.fastq.gz
SRR12022652,/,/mnt/classes/marine_bio/home/egt5318/EnvGen2/SRAdump_PRJNA639618,_pass_1.fastq.gz,_pass_2.fastq.gz,SRR12022652,/mnt/classes/marine_bio/home/egt5318/EnvGen2/SRAdump_PRJNA639618/SRR12022652_pass_1.fastq.gz,/mnt/classes/marine_bio/home/egt5318/EnvGen2/SRAdump_PRJNA639618/SRR12022652_pass_2.fastq.gz
SRR12022653,/,/mnt/classes/marine_bio/home/egt5318/EnvGen2/SRAdump_PRJNA639618,_pass_1.fastq.gz,_pass_2.fastq.gz,SRR12022653,/mnt/classes/marine_bio/home/egt5318/EnvGen2/SRAdump_PRJNA639618/SRR12022653_pass_1.fastq.gz,/mnt/classes/marine_bio/home/egt5318/EnvGen2/SRAdump_PRJNA639618/SRR12022653_pass_2.fastq.gz
SRR12022654,/,/mnt/classes/marine_bio/home/egt5318/EnvGen2/SRAdump_PRJNA639618,_pass_1.fastq.gz,_pass_2.fastq.gz,SRR12022654,/mnt/classes/marine_bio/home/egt5318/EnvGen2/SRAdump_PRJNA639618/SRR12022654_pass_1.fastq.gz,/mnt/classes/marine_bio/home/egt5318/EnvGen2/SRAdump_PRJNA639618/SRR12022654_pass_2.fastq.gz
SRR12022655,/,/mnt/classes/marine_bio/home/egt5318/EnvGen2/SRAdump_PRJNA639618,_pass_1.fastq.gz,_pass_2.fastq.gz,SRR12022655,/mnt/classes/marine_bio/home/egt5318/EnvGen2/SRAdump_PRJNA639618/SRR12022655_pass_1.fastq.gz,/mnt/classes/marine_bio/home/egt5318/EnvGen2/SRAdump_PRJNA639618/SRR12022655_pass_2.fastq.gz
SRR12022656,/,/mnt/classes/marine_bio/home/egt5318/EnvGen2/SRAdump_PRJNA639618,_pass_1.fastq.gz,_pass_2.fastq.gz,SRR12022656,/mnt/classes/marine_bio/home/egt5318/EnvGen2/SRAdump_PRJNA639618/SRR12022656_pass_1.fastq.gz,/mnt/classes/marine_bio/home/egt5318/EnvGen2/SRAdump_PRJNA639618/SRR12022656_pass_2.fastq.gz
SRR12022657,/,/mnt/classes/marine_bio/home/egt5318/EnvGen2/SRAdump_PRJNA639618,_pass_1.fastq.gz,_pass_2.fastq.gz,SRR12022657,/mnt/classes/marine_bio/home/egt5318/EnvGen2/SRAdump_PRJNA639618/SRR12022657_pass_1.fastq.gz,/mnt/classes/marine_bio/home/egt5318/EnvGen2/SRAdump_PRJNA639618/SRR12022657_pass_2.fastq.gz
SRR12022658,/,/mnt/classes/marine_bio/home/egt5318/EnvGen2/SRAdump_PRJNA639618,_pass_1.fastq.gz,_pass_2.fastq.gz,SRR12022658,/mnt/classes/marine_bio/home/egt5318/EnvGen2/SRAdump_PRJNA639618/SRR12022658_pass_1.fastq.gz,/mnt/classes/marine_bio/home/egt5318/EnvGen2/SRAdump_PRJNA639618/SRR12022658_pass_2.fastq.gz
SRR12022669,/,/mnt/classes/marine_bio/home/egt5318/EnvGen2/SRAdump_PRJNA639618,_pass_1.fastq.gz,_pass_2.fastq.gz,SRR12022669,/mnt/classes/marine_bio/home/egt5318/EnvGen2/SRAdump_PRJNA639618/SRR12022669_pass_1.fastq.gz,/mnt/classes/marine_bio/home/egt5318/EnvGen2/SRAdump_PRJNA639618/SRR12022669_pass_2.fastq.gz
SRR12022680,/,/mnt/classes/marine_bio/home/egt5318/EnvGen2/SRAdump_PRJNA639618,_pass_1.fastq.gz,_pass_2.fastq.gz,SRR12022680,/mnt/classes/marine_bio/home/egt5318/EnvGen2/SRAdump_PRJNA639618/SRR12022680_pass_1.fastq.gz,/mnt/classes/marine_bio/home/egt5318/EnvGen2/SRAdump_PRJNA639618/SRR12022680_pass_2.fastq.gz
SRR12022689,/,/mnt/classes/marine_bio/home/egt5318/EnvGen2/SRAdump_PRJNA639618,_pass_1.fastq.gz,_pass_2.fastq.gz,SRR12022689,/mnt/classes/marine_bio/home/egt5318/EnvGen2/SRAdump_PRJNA639618/SRR12022689_pass_1.fastq.gz,/mnt/classes/marine_bio/home/egt5318/EnvGen2/SRAdump_PRJNA639618/SRR12022689_pass_2.fastq.gz
SRR12022691,/,/mnt/classes/marine_bio/home/egt5318/EnvGen2/SRAdump_PRJNA639618,_pass_1.fastq.gz,_pass_2.fastq.gz,SRR12022691,/mnt/classes/marine_bio/home/egt5318/EnvGen2/SRAdump_PRJNA639618/SRR12022691_pass_1.fastq.gz,/mnt/classes/marine_bio/home/egt5318/EnvGen2/SRAdump_PRJNA639618/SRR12022691_pass_2.fastq.gz
SRR12022692,/,/mnt/classes/marine_bio/home/egt5318/EnvGen2/SRAdump_PRJNA639618,_pass_1.fastq.gz,_pass_2.fastq.gz,SRR12022692,/mnt/classes/marine_bio/home/egt5318/EnvGen2/SRAdump_PRJNA639618/SRR12022692_pass_1.fastq.gz,/mnt/classes/marine_bio/home/egt5318/EnvGen2/SRAdump_PRJNA639618/SRR12022692_pass_2.fastq.gz
SRR12022693,/,/mnt/classes/marine_bio/home/egt5318/EnvGen2/SRAdump_PRJNA639618,_pass_1.fastq.gz,_pass_2.fastq.gz,SRR12022693,/mnt/classes/marine_bio/home/egt5318/EnvGen2/SRAdump_PRJNA639618/SRR12022693_pass_1.fastq.gz,/mnt/classes/marine_bio/home/egt5318/EnvGen2/SRAdump_PRJNA639618/SRR12022693_pass_2.fastq.gz
SRR12022694,/,/mnt/classes/marine_bio/home/egt5318/EnvGen2/SRAdump_PRJNA639618,_pass_1.fastq.gz,_pass_2.fastq.gz,SRR12022694,/mnt/classes/marine_bio/home/egt5318/EnvGen2/SRAdump_PRJNA639618/SRR12022694_pass_1.fastq.gz,/mnt/classes/marine_bio/home/egt5318/EnvGen2/SRAdump_PRJNA639618/SRR12022694_pass_2.fastq.gz
SRR12022695,/,/mnt/classes/marine_bio/home/egt5318/EnvGen2/SRAdump_PRJNA639618,_pass_1.fastq.gz,_pass_2.fastq.gz,SRR12022695,/mnt/classes/marine_bio/home/egt5318/EnvGen2/SRAdump_PRJNA639618/SRR12022695_pass_1.fastq.gz,/mnt/classes/marine_bio/home/egt5318/EnvGen2/SRAdump_PRJNA639618/SRR12022695_pass_2.fastq.gz
SRR12022696,/,/mnt/classes/marine_bio/home/egt5318/EnvGen2/SRAdump_PRJNA639618,_pass_1.fastq.gz,_pass_2.fastq.gz,SRR12022696,/mnt/classes/marine_bio/home/egt5318/EnvGen2/SRAdump_PRJNA639618/SRR12022696_pass_1.fastq.gz,/mnt/classes/marine_bio/home/egt5318/EnvGen2/SRAdump_PRJNA639618/SRR12022696_pass_2.fastq.gz
SRR12022697,/,/mnt/classes/marine_bio/home/egt5318/EnvGen2/SRAdump_PRJNA639618,_pass_1.fastq.gz,_pass_2.fastq.gz,SRR12022697,/mnt/classes/marine_bio/home/egt5318/EnvGen2/SRAdump_PRJNA639618/SRR12022697_pass_1.fastq.gz,/mnt/classes/marine_bio/home/egt5318/EnvGen2/SRAdump_PRJNA639618/SRR12022697_pass_2.fastq.gz
SRR12022698,/,/mnt/classes/marine_bio/home/egt5318/EnvGen2/SRAdump_PRJNA639618,_pass_1.fastq.gz,_pass_2.fastq.gz,SRR12022698,/mnt/classes/marine_bio/home/egt5318/EnvGen2/SRAdump_PRJNA639618/SRR12022698_pass_1.fastq.gz,/mnt/classes/marine_bio/home/egt5318/EnvGen2/SRAdump_PRJNA639618/SRR12022698_pass_2.fastq.gz
SRR12022699,/,/mnt/classes/marine_bio/home/egt5318/EnvGen2/SRAdump_PRJNA639618,_pass_1.fastq.gz,_pass_2.fastq.gz,SRR12022699,/mnt/classes/marine_bio/home/egt5318/EnvGen2/SRAdump_PRJNA639618/SRR12022699_pass_1.fastq.gz,/mnt/classes/marine_bio/home/egt5318/EnvGen2/SRAdump_PRJNA639618/SRR12022699_pass_2.fastq.gz
SRR12022700,/,/mnt/classes/marine_bio/home/egt5318/EnvGen2/SRAdump_PRJNA639618,_pass_1.fastq.gz,_pass_2.fastq.gz,SRR12022700,/mnt/classes/marine_bio/home/egt5318/EnvGen2/SRAdump_PRJNA639618/SRR12022700_pass_1.fastq.gz,/mnt/classes/marine_bio/home/egt5318/EnvGen2/SRAdump_PRJNA639618/SRR12022700_pass_2.fastq.gz
SRR12022701,/,/mnt/classes/marine_bio/home/egt5318/EnvGen2/SRAdump_PRJNA639618,_pass_1.fastq.gz,_pass_2.fastq.gz,SRR12022701,/mnt/classes/marine_bio/home/egt5318/EnvGen2/SRAdump_PRJNA639618/SRR12022701_pass_1.fastq.gz,/mnt/classes/marine_bio/home/egt5318/EnvGen2/SRAdump_PRJNA639618/SRR12022701_pass_2.fastq.gz
SRR12022702,/,/mnt/classes/marine_bio/home/egt5318/EnvGen2/SRAdump_PRJNA639618,_pass_1.fastq.gz,_pass_2.fastq.gz,SRR12022702,/mnt/classes/marine_bio/home/egt5318/EnvGen2/SRAdump_PRJNA639618/SRR12022702_pass_1.fastq.gz,/mnt/classes/marine_bio/home/egt5318/EnvGen2/SRAdump_PRJNA639618/SRR12022702_pass_2.fastq.gz
SRR12022703,/,/mnt/classes/marine_bio/home/egt5318/EnvGen2/SRAdump_PRJNA639618,_pass_1.fastq.gz,_pass_2.fastq.gz,SRR12022703,/mnt/classes/marine_bio/home/egt5318/EnvGen2/SRAdump_PRJNA639618/SRR12022703_pass_1.fastq.gz,/mnt/classes/marine_bio/home/egt5318/EnvGen2/SRAdump_PRJNA639618/SRR12022703_pass_2.fastq.gz
SRR12022704,/,/mnt/classes/marine_bio/home/egt5318/EnvGen2/SRAdump_PRJNA639618,_pass_1.fastq.gz,_pass_2.fastq.gz,SRR12022704,/mnt/classes/marine_bio/home/egt5318/EnvGen2/SRAdump_PRJNA639618/SRR12022704_pass_1.fastq.gz,/mnt/classes/marine_bio/home/egt5318/EnvGen2/SRAdump_PRJNA639618/SRR12022704_pass_2.fastq.gz
SRR12022705,/,/mnt/classes/marine_bio/home/egt5318/EnvGen2/SRAdump_PRJNA639618,_pass_1.fastq.gz,_pass_2.fastq.gz,SRR12022705,/mnt/classes/marine_bio/home/egt5318/EnvGen2/SRAdump_PRJNA639618/SRR12022705_pass_1.fastq.gz,/mnt/classes/marine_bio/home/egt5318/EnvGen2/SRAdump_PRJNA639618/SRR12022705_pass_2.fastq.gz
SRR12022706,/,/mnt/classes/marine_bio/home/egt5318/EnvGen2/SRAdump_PRJNA639618,_pass_1.fastq.gz,_pass_2.fastq.gz,SRR12022706,/mnt/classes/marine_bio/home/egt5318/EnvGen2/SRAdump_PRJNA639618/SRR12022706_pass_1.fastq.gz,/mnt/classes/marine_bio/home/egt5318/EnvGen2/SRAdump_PRJNA639618/SRR12022706_pass_2.fastq.gz
SRR12022707,/,/mnt/classes/marine_bio/home/egt5318/EnvGen2/SRAdump_PRJNA639618,_pass_1.fastq.gz,_pass_2.fastq.gz,SRR12022707,/mnt/classes/marine_bio/home/egt5318/EnvGen2/SRAdump_PRJNA639618/SRR12022707_pass_1.fastq.gz,/mnt/classes/marine_bio/home/egt5318/EnvGen2/SRAdump_PRJNA639618/SRR12022707_pass_2.fastq.gz
SRR12022708,/,/mnt/classes/marine_bio/home/egt5318/EnvGen2/SRAdump_PRJNA639618,_pass_1.fastq.gz,_pass_2.fastq.gz,SRR12022708,/mnt/classes/marine_bio/home/egt5318/EnvGen2/SRAdump_PRJNA639618/SRR12022708_pass_1.fastq.gz,/mnt/classes/marine_bio/home/egt5318/EnvGen2/SRAdump_PRJNA639618/SRR12022708_pass_2.fastq.gz
SRR12022709,/,/mnt/classes/marine_bio/home/egt5318/EnvGen2/SRAdump_PRJNA639618,_pass_1.fastq.gz,_pass_2.fastq.gz,SRR12022709,/mnt/classes/marine_bio/home/egt5318/EnvGen2/SRAdump_PRJNA639618/SRR12022709_pass_1.fastq.gz,/mnt/classes/marine_bio/home/egt5318/EnvGen2/SRAdump_PRJNA639618/SRR12022709_pass_2.fastq.gz
SRR12022710,/,/mnt/classes/marine_bio/home/egt5318/EnvGen2/SRAdump_PRJNA639618,_pass_1.fastq.gz,_pass_2.fastq.gz,SRR12022710,/mnt/classes/marine_bio/home/egt5318/EnvGen2/SRAdump_PRJNA639618/SRR12022710_pass_1.fastq.gz,/mnt/classes/marine_bio/home/egt5318/EnvGen2/SRAdump_PRJNA639618/SRR12022710_pass_2.fastq.gz
SRR12022711,/,/mnt/classes/marine_bio/home/egt5318/EnvGen2/SRAdump_PRJNA639618,_pass_1.fastq.gz,_pass_2.fastq.gz,SRR12022711,/mnt/classes/marine_bio/home/egt5318/EnvGen2/SRAdump_PRJNA639618/SRR12022711_pass_1.fastq.gz,/mnt/classes/marine_bio/home/egt5318/EnvGen2/SRAdump_PRJNA639618/SRR12022711_pass_2.fastq.gz
SRR12022712,/,/mnt/classes/marine_bio/home/egt5318/EnvGen2/SRAdump_PRJNA639618,_pass_1.fastq.gz,_pass_2.fastq.gz,SRR12022712,/mnt/classes/marine_bio/home/egt5318/EnvGen2/SRAdump_PRJNA639618/SRR12022712_pass_1.fastq.gz,/mnt/classes/marine_bio/home/egt5318/EnvGen2/SRAdump_PRJNA639618/SRR12022712_pass_2.fastq.gz
SRR12022713,/,/mnt/classes/marine_bio/home/egt5318/EnvGen2/SRAdump_PRJNA639618,_pass_1.fastq.gz,_pass_2.fastq.gz,SRR12022713,/mnt/classes/marine_bio/home/egt5318/EnvGen2/SRAdump_PRJNA639618/SRR12022713_pass_1.fastq.gz,/mnt/classes/marine_bio/home/egt5318/EnvGen2/SRAdump_PRJNA639618/SRR12022713_pass_2.fastq.gz